Variables,CLM40cn
Surface Upward SW Radiation,0.7000176635553726
Albedo,0.5622070196194217
